ticket_id,cause,backend
TK-240050,hardware_fault,bedrock
TK-240067,delivery_logistics,bedrock
TK-240068,wrong_or_damaged_item,bedrock
TK-240097,payment_billing,bedrock
TK-240098,wrong_or_damaged_item,bedrock
TK-240105,wrong_or_damaged_item,bedrock
TK-240120,hardware_fault,bedrock
TK-240129,hardware_fault,bedrock
TK-240141,payment_billing,bedrock
TK-240147,other,bedrock
TK-240192,payment_billing,bedrock
TK-240218,payment_billing,bedrock
TK-240221,hardware_fault,bedrock
TK-240226,hardware_fault,bedrock
TK-240235,payment_billing,bedrock
TK-240255,account_app,bedrock
TK-240283,delivery_logistics,bedrock
TK-240315,wrong_or_damaged_item,bedrock
TK-240328,hardware_fault,bedrock
TK-240346,payment_billing,bedrock
TK-240350,account_app,bedrock
TK-240371,account_app,bedrock
TK-240377,payment_billing,bedrock
TK-240383,account_app,bedrock
TK-240387,delivery_logistics,bedrock
TK-240393,delivery_logistics,bedrock
TK-240395,delivery_logistics,bedrock
TK-240399,payment_billing,bedrock
TK-240412,delivery_logistics,bedrock
TK-240413,hardware_fault,bedrock
TK-240416,hardware_fault,bedrock
TK-240466,delivery_logistics,bedrock
TK-240474,hardware_fault,bedrock
TK-240500,delivery_logistics,bedrock
TK-240506,payment_billing,bedrock
TK-240532,hardware_fault,bedrock
TK-240536,other,bedrock
TK-240544,payment_billing,bedrock
TK-240547,payment_billing,bedrock
TK-240558,delivery_logistics,bedrock
TK-240569,payment_billing,bedrock
TK-240581,delivery_logistics,bedrock
TK-240606,delivery_logistics,bedrock
TK-240614,delivery_logistics,bedrock
TK-240619,hardware_fault,bedrock
TK-240626,hardware_fault,bedrock
TK-240627,payment_billing,bedrock
TK-240643,wrong_or_damaged_item,bedrock
TK-240672,wrong_or_damaged_item,bedrock
TK-240676,payment_billing,bedrock
TK-240683,payment_billing,bedrock
TK-240711,hardware_fault,bedrock
TK-240734,payment_billing,bedrock
TK-240766,payment_billing,bedrock
TK-240783,payment_billing,bedrock
TK-240797,delivery_logistics,bedrock
TK-240809,delivery_logistics,bedrock
TK-240833,hardware_fault,bedrock
TK-240885,delivery_logistics,bedrock
TK-240886,hardware_fault,bedrock
TK-240915,hardware_fault,bedrock
TK-240931,hardware_fault,bedrock
TK-240951,other,bedrock
TK-240971,hardware_fault,bedrock
TK-240976,delivery_logistics,bedrock
TK-240994,hardware_fault,bedrock
TK-241019,hardware_fault,bedrock
TK-241023,payment_billing,bedrock
TK-241029,payment_billing,bedrock
TK-241040,hardware_fault,bedrock
TK-241046,hardware_fault,bedrock
TK-241062,payment_billing,bedrock
TK-241065,wrong_or_damaged_item,bedrock
TK-241091,delivery_logistics,bedrock
TK-241123,payment_billing,bedrock
TK-241134,hardware_fault,bedrock
TK-241148,delivery_logistics,bedrock
TK-241158,account_app,bedrock
TK-241159,wrong_or_damaged_item,bedrock
TK-241189,other,bedrock
TK-241197,hardware_fault,bedrock
TK-241222,other,bedrock
TK-241242,payment_billing,bedrock
TK-241251,payment_billing,bedrock
TK-241264,payment_billing,bedrock
TK-241288,delivery_logistics,bedrock
TK-241301,delivery_logistics,bedrock
TK-241308,hardware_fault,bedrock
TK-241310,payment_billing,bedrock
TK-241339,delivery_logistics,bedrock
TK-241340,hardware_fault,bedrock
TK-241350,other,bedrock
TK-241366,delivery_logistics,bedrock
TK-241373,hardware_fault,bedrock
TK-241393,hardware_fault,bedrock
TK-241421,payment_billing,bedrock
TK-241432,wrong_or_damaged_item,bedrock
TK-241440,payment_billing,bedrock
TK-241460,hardware_fault,bedrock
TK-241463,delivery_logistics,bedrock
TK-241502,other,bedrock
TK-241508,payment_billing,bedrock
TK-241539,payment_billing,bedrock
TK-241540,hardware_fault,bedrock
TK-241546,payment_billing,bedrock
TK-241549,wrong_or_damaged_item,bedrock
TK-241555,delivery_logistics,bedrock
TK-241562,hardware_fault,bedrock
TK-241564,delivery_logistics,bedrock
TK-241584,hardware_fault,bedrock
TK-241597,hardware_fault,bedrock
TK-241617,delivery_logistics,bedrock
TK-241663,account_app,bedrock
TK-241680,delivery_logistics,bedrock
TK-241693,delivery_logistics,bedrock
TK-241715,payment_billing,bedrock
TK-241740,wrong_or_damaged_item,bedrock
TK-241743,delivery_logistics,bedrock
TK-241751,payment_billing,bedrock
TK-241795,payment_billing,bedrock
TK-241839,hardware_fault,bedrock
TK-241860,delivery_logistics,bedrock
TK-241915,payment_billing,bedrock
TK-241943,hardware_fault,bedrock
TK-241950,delivery_logistics,bedrock
TK-241955,payment_billing,bedrock
TK-241960,hardware_fault,bedrock
TK-241991,other,bedrock
TK-242044,delivery_logistics,bedrock
TK-242049,payment_billing,bedrock
TK-242053,delivery_logistics,bedrock
TK-242080,delivery_logistics,bedrock
TK-242083,delivery_logistics,bedrock
TK-242086,hardware_fault,bedrock
TK-242106,other,bedrock
TK-242109,hardware_fault,bedrock
TK-242138,hardware_fault,bedrock
TK-242158,other,bedrock
TK-242164,payment_billing,bedrock
TK-242166,payment_billing,bedrock
TK-242180,account_app,bedrock
TK-242184,payment_billing,bedrock
TK-242200,hardware_fault,bedrock
TK-242208,delivery_logistics,bedrock
TK-242209,hardware_fault,bedrock
TK-242238,payment_billing,bedrock
TK-242246,payment_billing,bedrock
TK-242250,hardware_fault,bedrock
TK-242266,wrong_or_damaged_item,bedrock
TK-242271,hardware_fault,bedrock
TK-242277,wrong_or_damaged_item,bedrock
TK-242287,delivery_logistics,bedrock
TK-242288,delivery_logistics,bedrock
TK-242290,hardware_fault,bedrock
TK-242298,hardware_fault,bedrock
TK-242337,other,bedrock
TK-242365,hardware_fault,bedrock
TK-242366,delivery_logistics,bedrock
TK-242402,wrong_or_damaged_item,bedrock
TK-242418,payment_billing,bedrock
TK-242471,payment_billing,bedrock
TK-242484,hardware_fault,bedrock
TK-242510,account_app,bedrock
TK-242511,account_app,bedrock
TK-242520,hardware_fault,bedrock
TK-242570,payment_billing,bedrock
TK-242605,account_app,bedrock
TK-242615,delivery_logistics,bedrock
TK-242661,hardware_fault,bedrock
TK-242665,delivery_logistics,bedrock
TK-242673,payment_billing,bedrock
TK-242681,hardware_fault,bedrock
TK-242726,hardware_fault,bedrock
TK-242731,hardware_fault,bedrock
TK-242746,payment_billing,bedrock
TK-242760,hardware_fault,bedrock
TK-242777,wrong_or_damaged_item,bedrock
TK-242792,delivery_logistics,bedrock
TK-242813,hardware_fault,bedrock
TK-242828,wrong_or_damaged_item,bedrock
TK-242845,account_app,bedrock
TK-242849,payment_billing,bedrock
TK-242862,payment_billing,bedrock
TK-242868,payment_billing,bedrock
TK-242887,hardware_fault,bedrock
TK-242906,wrong_or_damaged_item,bedrock
TK-242907,delivery_logistics,bedrock
TK-242914,hardware_fault,bedrock
TK-242925,delivery_logistics,bedrock
TK-242928,hardware_fault,bedrock
TK-242940,payment_billing,bedrock
TK-242947,hardware_fault,bedrock
TK-242961,hardware_fault,bedrock
TK-243008,delivery_logistics,bedrock
TK-243025,hardware_fault,bedrock
TK-243040,account_app,bedrock
TK-243042,payment_billing,bedrock
TK-243049,other,bedrock
TK-243050,payment_billing,bedrock
TK-243068,payment_billing,bedrock
TK-243073,wrong_or_damaged_item,bedrock
TK-243090,other,bedrock
TK-243127,payment_billing,bedrock
TK-243132,hardware_fault,bedrock
TK-243142,hardware_fault,bedrock
TK-243144,account_app,bedrock
TK-243146,payment_billing,bedrock
TK-243165,delivery_logistics,bedrock
TK-243177,wrong_or_damaged_item,bedrock
TK-243201,delivery_logistics,bedrock
TK-243217,hardware_fault,bedrock
TK-243224,payment_billing,bedrock
TK-243240,payment_billing,bedrock
TK-243241,delivery_logistics,bedrock
TK-243245,hardware_fault,bedrock
TK-243254,delivery_logistics,bedrock
TK-243257,payment_billing,bedrock
TK-243272,hardware_fault,bedrock
TK-243279,delivery_logistics,bedrock
TK-243284,payment_billing,bedrock
TK-243304,payment_billing,bedrock
TK-243316,wrong_or_damaged_item,bedrock
TK-243327,delivery_logistics,bedrock
TK-243338,hardware_fault,bedrock
TK-243341,payment_billing,bedrock
TK-243348,payment_billing,bedrock
TK-243354,delivery_logistics,bedrock
TK-243362,account_app,bedrock
TK-243364,delivery_logistics,bedrock
TK-243374,hardware_fault,bedrock
TK-243383,payment_billing,bedrock
TK-243387,delivery_logistics,bedrock
TK-243397,hardware_fault,bedrock
TK-243411,hardware_fault,bedrock
TK-243417,delivery_logistics,bedrock
TK-243437,delivery_logistics,bedrock
TK-243456,other,bedrock
TK-243463,wrong_or_damaged_item,bedrock
TK-243476,payment_billing,bedrock
TK-243477,hardware_fault,bedrock
TK-243490,delivery_logistics,bedrock
TK-243496,hardware_fault,bedrock
TK-243519,hardware_fault,bedrock
TK-243520,delivery_logistics,bedrock
TK-243530,account_app,bedrock
TK-243531,delivery_logistics,bedrock
TK-243533,payment_billing,bedrock
TK-243536,hardware_fault,bedrock
TK-243552,hardware_fault,bedrock
TK-243582,delivery_logistics,bedrock
