month,tickets,breaches,breach_rate,chat_breach_rate,sla_credit_inr,csat_mean,csat_responses
2025-01,256,21,0.082,0.0645,7350,3.348,112
2025-02,362,41,0.1133,0.0982,14350,3.468,158
2025-03,406,37,0.0911,0.057,12950,3.511,176
2025-04,418,38,0.0909,0.0825,13300,3.439,189
2025-05,419,40,0.0955,0.0769,14000,3.476,191
2025-06,405,34,0.084,0.0983,11900,3.46,161
2025-07,475,109,0.2295,0.2772,38150,3.321,215
2025-08,684,188,0.2749,0.3633,65800,3.28,300
2025-09,682,182,0.2669,0.3705,63700,3.348,333
2025-10,863,207,0.2399,0.3269,72450,3.359,357
2025-11,873,212,0.2428,0.3194,74200,3.277,393
2025-12,836,195,0.2333,0.3189,68250,3.274,368
2026-01,821,213,0.2594,0.3457,74550,3.335,382
2026-02,688,157,0.2282,0.2961,54950,3.321,324
2026-03,782,203,0.2596,0.3023,71050,3.348,339
2026-04,725,194,0.2676,0.3267,67900,3.424,316
2026-05,747,188,0.2517,0.3519,65800,3.411,336
2026-06,758,181,0.2388,0.3146,63350,3.443,343
