week,shift,attended,breaches,breach_rate,controllable_breaches,structural_breaches,credit_inr
2025-W01,Day,13,0,0.0,0,0,0
2025-W01,Morning,14,0,0.0,0,0,0
2025-W01,Night,4,0,0.0,0,0,0
2025-W02,Day,21,1,0.0476,1,0,350
2025-W02,Morning,20,0,0.0,0,0,0
2025-W02,Night,9,2,0.2222,2,0,700
2025-W03,Day,27,4,0.1481,4,0,1400
2025-W03,Morning,24,3,0.125,3,0,1050
2025-W03,Night,7,1,0.1429,0,1,350
2025-W04,Day,36,1,0.0278,1,0,350
2025-W04,Morning,32,4,0.125,4,0,1400
2025-W04,Night,12,2,0.1667,1,1,700
2025-W05,Day,27,1,0.037,1,0,350
2025-W05,Morning,35,4,0.1143,3,1,1400
2025-W05,Night,10,1,0.1,1,0,350
2025-W06,Day,33,6,0.1818,6,0,2100
2025-W06,Morning,40,8,0.2,5,3,2800
2025-W06,Night,12,2,0.1667,1,1,700
2025-W07,Day,31,2,0.0645,2,0,700
2025-W07,Morning,42,6,0.1429,6,0,2100
2025-W07,Night,10,1,0.1,1,0,350
2025-W08,Day,40,3,0.075,3,0,1050
2025-W08,Morning,50,7,0.14,7,0,2450
2025-W08,Night,8,0,0.0,0,0,0
2025-W09,Day,47,2,0.0426,2,0,700
2025-W09,Morning,39,4,0.1026,4,0,1400
2025-W09,Night,8,1,0.125,0,1,350
2025-W10,Day,37,1,0.027,1,0,350
2025-W10,Morning,38,5,0.1316,4,1,1750
2025-W10,Night,11,0,0.0,0,0,0
2025-W11,Day,44,1,0.0227,1,0,350
2025-W11,Morning,48,7,0.1458,7,0,2450
2025-W11,Night,9,1,0.1111,1,0,350
2025-W12,Day,37,2,0.0541,2,0,700
2025-W12,Morning,44,7,0.1591,6,1,2450
2025-W12,Night,7,1,0.1429,0,1,350
2025-W13,Day,31,0,0.0,0,0,0
2025-W13,Morning,49,6,0.1224,6,0,2100
2025-W13,Night,6,0,0.0,0,0,0
2025-W14,Day,42,6,0.1429,6,0,2100
2025-W14,Morning,52,4,0.0769,4,0,1400
2025-W14,Night,10,1,0.1,0,1,350
2025-W15,Day,33,3,0.0909,3,0,1050
2025-W15,Morning,42,2,0.0476,2,0,700
2025-W15,Night,12,2,0.1667,2,0,700
2025-W16,Day,38,6,0.1579,6,0,2100
2025-W16,Morning,34,5,0.1471,4,1,1750
2025-W16,Night,11,2,0.1818,0,2,700
2025-W17,Day,37,0,0.0,0,0,0
2025-W17,Morning,53,6,0.1132,6,0,2100
2025-W17,Night,10,0,0.0,0,0,0
2025-W18,Day,43,2,0.0465,2,0,700
2025-W18,Morning,61,4,0.0656,1,3,1400
2025-W18,Night,10,1,0.1,1,0,350
2025-W19,Day,37,4,0.1081,4,0,1400
2025-W19,Morning,47,0,0.0,0,0,0
2025-W19,Night,14,2,0.1429,2,0,700
2025-W20,Day,34,3,0.0882,3,0,1050
2025-W20,Morning,44,5,0.1136,4,1,1750
2025-W20,Night,8,1,0.125,1,0,350
2025-W21,Day,38,7,0.1842,7,0,2450
2025-W21,Morning,43,1,0.0233,1,0,350
2025-W21,Night,16,3,0.1875,2,1,1050
2025-W22,Day,32,5,0.1562,5,0,1750
2025-W22,Morning,44,4,0.0909,4,0,1400
2025-W22,Night,13,1,0.0769,1,0,350
2025-W23,Day,27,1,0.037,1,0,350
2025-W23,Morning,42,4,0.0952,3,1,1400
2025-W23,Night,14,0,0.0,0,0,0
2025-W24,Day,48,2,0.0417,2,0,700
2025-W24,Morning,31,4,0.129,4,0,1400
2025-W24,Night,8,0,0.0,0,0,0
2025-W25,Day,43,2,0.0465,2,0,700
2025-W25,Morning,55,1,0.0182,1,0,350
2025-W25,Night,20,4,0.2,3,1,1400
2025-W26,Day,40,4,0.1,4,0,1400
2025-W26,Morning,45,8,0.1778,4,4,2800
2025-W26,Night,9,0,0.0,0,0,0
2025-W27,Day,38,2,0.0526,2,0,700
2025-W27,Morning,54,26,0.4815,10,16,9100
2025-W28,Day,43,2,0.0465,2,0,700
2025-W28,Morning,57,23,0.4035,7,16,8050
2025-W29,Day,47,0,0.0,0,0,0
2025-W29,Morning,53,15,0.283,9,6,5250
2025-W30,Day,55,6,0.1091,6,0,2100
2025-W30,Morning,69,24,0.3478,12,12,8400
2025-W31,Day,60,5,0.0833,4,1,1750
2025-W31,Morning,76,29,0.3816,15,14,10150
2025-W32,Day,57,3,0.0526,3,0,1050
2025-W32,Morning,89,33,0.3708,13,20,11550
2025-W33,Day,52,4,0.0769,3,1,1400
2025-W33,Morning,104,45,0.4327,15,30,15750
2025-W34,Day,57,9,0.1579,9,0,3150
2025-W34,Morning,80,29,0.3625,15,14,10150
2025-W35,Day,74,8,0.1081,7,1,2800
2025-W35,Morning,108,38,0.3519,10,28,13300
2025-W36,Day,59,6,0.1017,5,1,2100
2025-W36,Morning,98,47,0.4796,10,37,16450
2025-W37,Day,66,6,0.0909,4,2,2100
2025-W37,Morning,108,43,0.3981,19,24,15050
2025-W38,Day,66,7,0.1061,7,0,2450
2025-W38,Morning,87,27,0.3103,14,13,9450
2025-W39,Day,62,7,0.1129,7,0,2450
2025-W39,Morning,92,26,0.2826,11,15,9100
2025-W40,Day,62,4,0.0645,3,1,1400
2025-W40,Morning,99,34,0.3434,13,21,11900
2025-W41,Day,81,11,0.1358,10,1,3850
2025-W41,Morning,104,29,0.2788,11,18,10150
2025-W42,Day,92,6,0.0652,4,2,2100
2025-W42,Morning,121,39,0.3223,20,19,13650
2025-W43,Day,75,9,0.12,9,0,3150
2025-W43,Morning,136,53,0.3897,18,35,18550
2025-W44,Day,85,8,0.0941,7,1,2800
2025-W44,Morning,115,41,0.3565,16,25,14350
2025-W45,Day,75,7,0.0933,5,2,2450
2025-W45,Morning,121,46,0.3802,18,28,16100
2025-W46,Day,86,2,0.0233,2,0,700
2025-W46,Morning,99,32,0.3232,9,23,11200
2025-W47,Day,80,7,0.0875,6,1,2450
2025-W47,Morning,118,43,0.3644,17,26,15050
2025-W48,Day,105,8,0.0762,8,0,2800
2025-W48,Morning,126,53,0.4206,18,35,18550
2025-W49,Day,91,9,0.0989,9,0,3150
2025-W49,Morning,113,49,0.4336,20,29,17150
2025-W50,Day,86,8,0.093,7,1,2800
2025-W50,Morning,100,33,0.33,10,23,11550
2025-W51,Day,75,4,0.0533,3,1,1400
2025-W51,Morning,112,29,0.2589,16,13,10150
2025-W52,Day,63,3,0.0476,2,1,1050
2025-W52,Morning,115,42,0.3652,14,28,14700
2026-W01,Day,86,8,0.093,8,0,2800
2026-W01,Morning,118,48,0.4068,19,29,16800
2026-W02,Day,75,6,0.08,5,1,2100
2026-W02,Morning,107,34,0.3178,13,21,11900
2026-W03,Day,84,10,0.119,8,2,3500
2026-W03,Morning,104,38,0.3654,16,22,13300
2026-W04,Day,73,4,0.0548,3,1,1400
2026-W04,Morning,111,47,0.4234,12,35,16450
2026-W05,Day,79,9,0.1139,7,2,3150
2026-W05,Morning,98,35,0.3571,11,24,12250
2026-W06,Day,76,11,0.1447,10,1,3850
2026-W06,Morning,100,33,0.33,14,19,11550
2026-W07,Day,78,6,0.0769,6,0,2100
2026-W07,Morning,91,31,0.3407,12,19,10850
2026-W08,Day,61,4,0.0656,4,0,1400
2026-W08,Morning,108,33,0.3056,12,21,11550
2026-W09,Day,79,4,0.0506,3,1,1400
2026-W09,Morning,88,30,0.3409,11,19,10500
2026-W10,Day,77,7,0.0909,7,0,2450
2026-W10,Morning,94,38,0.4043,15,23,13300
2026-W11,Day,80,5,0.0625,3,2,1750
2026-W11,Morning,98,46,0.4694,16,30,16100
2026-W12,Day,75,5,0.0667,5,0,1750
2026-W12,Morning,117,42,0.359,17,25,14700
2026-W13,Day,72,7,0.0972,6,1,2450
2026-W13,Morning,93,32,0.3441,12,20,11200
2026-W14,Day,77,12,0.1558,12,0,4200
2026-W14,Morning,95,39,0.4105,15,24,13650
2026-W15,Day,67,6,0.0896,6,0,2100
2026-W15,Morning,91,35,0.3846,14,21,12250
2026-W16,Day,79,9,0.1139,7,2,3150
2026-W16,Morning,94,36,0.383,17,19,12600
2026-W17,Day,67,7,0.1045,6,1,2450
2026-W17,Morning,106,43,0.4057,14,29,15050
2026-W18,Day,79,9,0.1139,8,1,3150
2026-W18,Morning,102,36,0.3529,14,22,12600
2026-W19,Day,60,2,0.0333,2,0,700
2026-W19,Morning,98,33,0.3367,15,18,11550
2026-W20,Day,77,9,0.1169,9,0,3150
2026-W20,Morning,95,38,0.4,9,29,13300
2026-W21,Day,76,6,0.0789,6,0,2100
2026-W21,Morning,102,39,0.3824,14,25,13650
2026-W22,Day,70,5,0.0714,5,0,1750
2026-W22,Morning,87,36,0.4138,9,27,12600
2026-W23,Day,70,4,0.0571,4,0,1400
2026-W23,Morning,92,32,0.3478,14,18,11200
2026-W24,Day,59,4,0.0678,4,0,1400
2026-W24,Morning,104,43,0.4135,17,26,15050
2026-W25,Day,72,6,0.0833,5,1,2100
2026-W25,Morning,123,40,0.3252,20,20,14000
2026-W26,Day,98,8,0.0816,6,2,2800
2026-W26,Morning,109,41,0.3761,18,23,14350
2026-W27,Day,14,0,0.0,0,0,0
2026-W27,Morning,17,3,0.1765,1,2,1050
